번호,과목,챕터,난이도,문제,문제이미지,보기1,보기2,보기3,보기4,보기5,정답,해설
1,보관하역론,BH01. 보관론,중,"보관 원칙에 대한 설명으로 옳지 않은 것은?",,"무거운 화물은 일반적으로 하부에 배치하는 것이 바람직하다.","출고 빈도가 높은 품목은 작업이 편리한 위치에 보관한다.","동일하거나 유사한 품목은 가까운 위치에 배치하여 관리 효율을 높인다.","통로 표시의 원칙은 보관 위치와 선반 번호를 명확히 표시하는 것을 의미한다.","선입선출은 먼저 입고된 재고를 먼저 출고하는 방식이다.",4,"보관 위치와 선반 번호를 표시하는 것은 위치표시의 원칙이며, 통로대면의 원칙은 작업 접근성과 입출고 효율을 높이기 위해 통로를 고려하여 배치하는 것이다."
2,보관하역론,BH01. 보관론,상,"다음 물류센터 설계 고려요인 중 환경요인에 해당하는 것은?",images/questions/logistics/29회-2/q002.png,"ㄱ","ㄴ","ㄷ","ㄹ","ㅁ",4,"환경요인은 물류센터를 둘러싼 외부 입지환경과 관련된 요소로 지리적 위치, 임대료 수준, 인구 분포 등이 해당한다. ㄱ은 운영요인, ㄴ은 제품요인, ㄷ은 주문요인, ㅁ은 설비요인이므로 정답은 ④ ㄹ이다."
3,보관하역론,BH02. 하역론,상,"다음 설명 중 복합물류터미널의 특징으로 옳은 것을 모두 고른 것은?",images/questions/logistics/29회-2/q003.png,"ㄱ, ㄴ, ㄷ","ㄱ, ㄴ, ㄹ","ㄱ, ㄷ, ㅁ","ㄴ, ㄹ, ㅁ","ㄷ, ㄹ, ㅁ",1,"복합물류터미널은 해상·항공·철도·도로 등 둘 이상의 운송수단을 연계하여 환적 기능을 수행하고, 대규모 보관·하역시설을 갖추어 다양한 물류서비스를 제공하며, 운송·재고·위치정보 등을 통합 관리할 수 있다. 항만 배후지역에만 설치되는 시설이 아니며 단일 운송수단만을 이용하는 것도 아니다. 따라서 옳은 것은 ㄱ, ㄴ, ㄷ이다."
4,보관하역론,BH01. 보관론,하,"다음 중 보관 기능에 해당하지 않는 것은?",,"재고의 물리적 보존","제품의 시간적 효용 창출","수급 조절 기능","고객 서비스 향상","장소적 효용 창출",5,"장소적 효용 창출은 운송의 대표적인 기능이며, 보관은 시간적 효용을 창출하는 기능을 수행한다."
5,보관하역론,BH01. 보관론,상,"다음 설명 중 물류시설에 관한 내용으로 옳은 것을 모두 고른 것은?",images/questions/logistics/29회-2/q005.png,"ㄱ, ㄴ, ㄷ","ㄱ, ㄴ, ㄹ","ㄱ, ㄷ, ㄹ","ㄴ, ㄷ, ㄹ","ㄱ, ㄴ, ㄷ, ㄹ",5,"공동집배송센터는 여러 화주가 공동으로 이용하는 집배송시설이고, 물류터미널은 하역·보관·분류·포장·가공 등의 물류활동을 수행하는 종합물류시설이다. 스마트물류센터는 자동화·지능화 기술을 활용하며, ICD는 항만과 연결된 내륙의 수출입 컨테이너 처리시설이다. 따라서 ㄱ, ㄴ, ㄷ, ㄹ이 모두 옳다."
6,보관하역론,BH02. 하역론,중,"다음 설명에 해당하는 컨테이너 시설은 무엇인가?",images/questions/logistics/29회-2/q006.png,"Container Yard","Apron","Marshalling Yard","Gate Complex","Container Freight Station",5,"LCL 화물을 목적지별로 분류하거나 혼재하여 컨테이너에 적입·분리하는 시설은 CFS(Container Freight Station)이다."
7,보관하역론,BH02. 하역론,중,"다음 중 보세구역에 대한 설명으로 옳지 않은 것은?",,"보세공장은 수출입 물품의 가공을 허용하는 보세구역이다.","지정보세구역은 통관 전 물품을 일시 보관하는 장소이다.","세관검사장은 세관검사를 위해 지정된 장소이다.","특허보세구역은 지방자치단체장이 허가하는 보세구역이다.","종합보세구역은 여러 보세기능을 하나의 구역에서 수행할 수 있다.",4,"특허보세구역은 지방자치단체장이 아니라 세관장이 특허하는 보세구역이다."
8,보관하역론,BH02. 하역론,상,"다음 자료를 이용하여 무게중심법으로 물류센터의 최적 입지를 계산한 결과로 가장 알맞은 것은?",images/questions/logistics/29회-2/q008.png,"X=24, Y=34","X=26, Y=36","X=28, Y=32","X=30, Y=34","X=32, Y=38",1,"총물동량은 100+200+200=500이다. X좌표는 (20×100+10×200+40×200)÷500=24이고, Y좌표는 (30×100+50×200+20×200)÷500=34이다. 따라서 무게중심법에 따른 최적 입지는 X=24, Y=34이다."
9,보관하역론,BH02. 하역론,상,"다음 중 물류거점 입지선정기법에 대한 설명으로 옳은 것은?",,"총비용비교법은 후보지별 예상 총비용을 비교하여 최적 입지를 선정한다.","브라운-깁슨법은 운송거리만을 기준으로 평가하는 기법이다.","요인분석법은 고정비와 변동비만을 비교하여 입지를 결정한다.","손익분기분석법은 거리와 운송량만을 고려하는 방법이다.","톤-킬로법은 입지의 정성적 요소를 평가하는 방법이다.",1,"총비용비교법은 후보지별 예상비용을 비교하여 가장 경제적인 입지를 선택하는 방법이다."
10,보관하역론,BH01. 보관론,중,"창고설계의 기본 원칙에 대한 설명으로 옳지 않은 것은?",,"직선 흐름을 고려하여 물류 이동을 최소화한다.","설비와 공간을 표준화·모듈화하여 운영 효율을 높인다.","물품 취급 횟수를 줄이도록 설계한다.","물품 이동 시 높이 차이를 최소화하도록 설계한다.","작업자의 이동 동선은 자유롭게 교차되도록 설계하는 것이 효율적이다.",5,"창고 내 사람과 장비의 이동은 교차나 역주행을 최소화하도록 설계하는 것이 원칙이다."
11,보관하역론,BH02. 하역론,상,"다음 설명 중 크로스도킹(Cross Docking)의 특징으로 옳은 것을 모두 고른 것은?",images/questions/logistics/29회-2/q011.png,"ㄱ, ㄴ, ㄹ","ㄱ, ㄴ, ㅁ","ㄱ, ㄷ, ㄹ","ㄴ, ㄷ, ㅁ","ㄷ, ㄹ, ㅁ",1,"크로스도킹은 원활한 화물 흐름을 위해 기계설비와 정보기술을 활용하고 공급자와 수요자 간 정보공유를 필요로 한다. 보관을 최소화하므로 불필요한 유통재고와 리드타임을 줄일 수 있으며 재고회전율은 일반적으로 높아진다. 일일 처리량이 적고 불규칙한 경우보다 일정하고 예측 가능한 물량을 처리할 때 적합하다. 따라서 옳은 것은 ㄱ, ㄴ, ㄹ이다."
12,보관하역론,BH01. 보관론,중,"다음 중 창고의 종류에 대한 설명으로 옳지 않은 것은?",,"자가창고는 물품 특성에 맞게 설계가 가능하다.","자동화창고는 자동설비를 활용하여 입출고를 처리한다.","보세창고는 관세법에 따라 수출입 화물을 보관하는 시설이다.","영업창고는 여러 화주의 물품을 보관할 수 있다.","임대창고는 초기 시설투자가 매우 크다는 것이 가장 큰 특징이다.",5,"초기 시설투자 부담이 큰 것은 자가창고이며, 임대창고는 초기 투자비가 비교적 적다."
13,보관하역론,BH02. 하역론,상,"다음 자동분류장치와 설명의 연결로 가장 적절한 것은?",images/questions/logistics/29회-2/q013.png,"ㄱ-A, ㄴ-B","ㄱ-A, ㄴ-D","ㄱ-B, ㄴ-C","ㄱ-B, ㄴ-D","ㄱ-C, ㄴ-D",2,"ㄱ은 컨베이어 반송면에 설치된 벨트·롤러·휠 등의 분류장치가 상승하여 화물을 측면으로 밀어내는 팝업 방식으로 그림 A에 해당한다. ㄴ은 트레이 일부를 경사지게 하여 화물을 떨어뜨리는 틸트 트레이 방식으로 그림 D에 해당한다. 따라서 연결은 ㄱ-A, ㄴ-D이다."
14,보관하역론,BH01. 보관론,중,"창고관리시스템(WMS)의 기능에 대한 설명으로 옳지 않은 것은?",,"입고·출고·재고 및 위치관리를 지원한다.","ERP 등 다른 시스템과 연계하여 정보를 활용할 수 있다.","피킹과 주문처리 등 물류업무를 효율적으로 지원한다.","창고의 공간 활용과 작업 효율 향상에 기여한다.","기업의 회계·인사·구매 업무를 통합 관리하는 것이 핵심 기능이다.",5,"회계·인사·구매 등 기업 전체 자원을 통합 관리하는 것은 ERP의 기능이며 WMS의 핵심 기능이 아니다."
15,보관하역론,BH01. 보관론,상,"다음 랙(Rack)에 대한 설명 중 옳은 것은 모두 몇 개인가?",images/questions/logistics/29회-2/q015.png,"1개","2개","3개","4개","5개",5,"Flow Rack은 경사진 레일을 이용하여 선입선출이 가능하고, Cantilever Rack은 장척물 보관에 적합하다. Drive-through Rack은 지게차가 랙 내부를 통과할 수 있는 양면 출입형 구조이고, Mezzanine Rack은 중층 작업공간을 설치하여 공간을 입체적으로 활용한다. Mobile Rack은 필요한 통로만 열어 보관밀도를 높이는 방식이다. 따라서 다섯 설명이 모두 옳다."
16,보관하역론,BH01. 보관론,상,"다음 설명 중 자재소요계획(MRP)에 해당하는 내용을 모두 고른 것은?",images/questions/logistics/29회-2/q016.png,"ㄱ, ㄴ, ㄷ","ㄱ, ㄴ, ㄹ","ㄱ, ㄷ, ㄹ","ㄴ, ㄹ, ㅁ","ㄷ, ㄹ, ㅁ",3,"MRP는 제품 생산에 필요한 자재의 수요량을 계산하여 조달일정을 수립하고, 주생산계획(MPS)·자재명세서(BOM)·재고정보를 이용하여 순소요량을 산출한다. 이를 통해 불필요한 재고를 줄이고 필요한 자재의 적기 조달을 지원한다. 기업의 인적·물적 자원을 통합 관리하는 것은 ERP이고, 정기적으로 재고를 조사하여 주문 여부를 결정하는 것은 정기발주방식이다. 따라서 MRP에 해당하는 것은 ㄱ, ㄷ, ㄹ이다."
17,보관하역론,BH01. 보관론,상,"경제적 주문량(EOQ) 모형의 기본 가정으로 옳은 것을 모두 고른 것은?",images/questions/logistics/29회-2/q017.png,"ㄱ, ㄴ","ㄱ, ㄴ, ㄹ","ㄱ, ㄷ","ㄴ, ㄹ","ㄷ, ㅁ",2,"기본 EOQ 모형에서는 수요율과 리드타임이 일정하고 재고부족을 허용하지 않으며 주문량은 한 번에 입고된다고 가정한다. 재고유지비는 평균재고량에 비례하며, 수량할인은 고려하지 않고 1회 주문비용은 주문량과 관계없이 일정하다고 가정한다. 따라서 옳은 것은 ㄱ, ㄴ, ㄹ이다."
18,보관하역론,BH01. 보관론,중,"다음 중 재고관리에 대한 설명으로 옳지 않은 것은?",,"주기재고는 주문비용과 재고유지비의 균형 과정에서 발생한다.","안전재고는 수요나 리드타임 변동에 대비하기 위한 재고이다.","서비스 수준은 고객 요구를 충족하는 정도를 의미한다.","백오더율은 주문 중 즉시 공급하지 못한 비율을 의미한다.","정기발주방식은 재고를 연속적으로 감시하여 주문시점을 결정하는 방식이다.",5,"재고를 연속적으로 감시하는 것은 정량발주방식(Q-System)이며, 정기발주방식(P-System)은 일정한 주기로 재고를 점검한다."
19,보관하역론,BH01. 보관론,중,"다음 중 수요예측기법에 대한 설명으로 옳지 않은 것은?",,"이동평균법은 일정 기간의 평균 실적을 이용하여 미래 수요를 예측한다.","가중이동평균법은 최근 실적에 더 높은 가중치를 부여한다.","지수평활법은 실제 수요와 이전 예측값을 함께 반영한다.","시장조사법은 설문과 인터뷰 등을 통해 소비자 의견을 수집한다.","시계열분석법은 기존 유사제품과의 비교만으로 미래 수요를 예측하는 방법이다.",5,"시계열분석법은 시간의 흐름에 따른 과거 데이터를 분석하는 정량적 예측기법이며 유사제품법과는 구분된다."
20,보관하역론,BH01. 보관론,중,"다음 설명 중 JIT(Just In Time)의 특징으로 옳지 않은 것을 모두 고른 것은?",images/questions/logistics/29회-2/q020.png,"ㄱ, ㄴ","ㄱ, ㄷ","ㄴ, ㄹ","ㄷ, ㅁ","ㄷ",5,"JIT는 필요한 시점에 필요한 수량을 공급하는 것을 목표로 하며, Pull 방식의 생산관리를 기반으로 한다. 또한 생산 Lot를 줄여 재고를 최소화하고 공급업체와의 긴밀한 협력을 중시한다. 따라서 '중앙창고에 대량으로 재고를 비축하는 운영방식이다.'만 JIT의 특징이 아니다."
21,보관하역론,BH01. 보관론,중,"다음 설명과 재고 종류의 연결로 가장 알맞은 것은?",images/questions/logistics/29회-2/q021.png,"ㄱ-B, ㄴ-A, ㄷ-E","ㄱ-C, ㄴ-D, ㄷ-E","ㄱ-B, ㄴ-D, ㄷ-C","ㄱ-E, ㄴ-A, ㄷ-C","ㄱ-D, ㄴ-B, ㄷ-E",1,"VMI는 공급자관리재고, WIP는 재공품, 예비재고는 계절수요나 계획생산에 대비하여 확보하는 재고이다."
22,보관하역론,BH01. 보관론,하,"A회사의 지난해 총매출이 480억원이고 평균재고액이 80억원일 때 재고회전율은?",,"4","5","6","7","8",3,"재고회전율 = 연간 총매출 ÷ 평균재고액 = 480 ÷ 80 = 6"
23,보관하역론,BH01. 보관론,중,"어떤 제품의 1일 평균수요가 180개, 조달기간이 4일, 안전재고가 280개일 때 재주문점은?",,"820","900","1000","1120","1200",3,"재주문점 = (1일 평균수요 × 조달기간) + 안전재고 = (180×4)+280 = 1,000"
24,보관하역론,BH01. 보관론,중,"다음 자료를 이용하여 연간 재고유지비를 계산한 결과로 가장 알맞은 것은?",images/questions/logistics/29회-2/q024.png,"120000원","160000원","180000원","200000원","240000원",2,"평균재고 800개 × 제품단가 4,000원 × 재고유지율 5% = 160,000원"
25,보관하역론,BH01. 보관론,상,"연간 수요량이 2,000개, 주문비용이 40,000원, 연간 단위당 재고유지비용이 800원일 때 경제적 주문량(EOQ)은?",,"300","350","400","450","500",4,"EOQ=√(2DS/H)=√(2×40,000×2,000÷800)≈447개이므로 가장 가까운 값은 450개이다."
26,보관하역론,BH01. 보관론,상,"다음 자재소요계획(MRP) 자료를 이용하여 부품 A와 B의 순소요량으로 가장 알맞은 것은?",images/questions/logistics/29회-2/q026.png,"A:130, B:190","A:150, B:190","A:150, B:210","A:170, B:220","A:180, B:240",3,"총생산계획 90개 기준으로 A는 180-(20+10)=150개, B는 270-(30+30)=210개가 순소요량이다."
27,보관하역론,BH01. 보관론,중,"한 기업은 지수평활법으로 월별 판매량을 예측하고 있다. 5월 판매예측은 82,000개였고 실제 판매량은 86,000개였다. 평활상수(α)=0.25이며, 6월 실제 판매량이 80,000개일 때 7월 판매예측치로 가장 알맞은 것은?",,"81,875개","82,250개","82,500개","83,000개","83,500개",1,"6월 예측은 82,000+0.25×(86,000−82,000)=83,000개이다. 7월 예측은 83,000+0.25×(80,000−83,000)=81,875개이다."
28,보관하역론,BH02. 하역론,중,"다음 중 하역작업의 기본 원칙으로 가장 적절한 것은?",,"하역횟수를 늘려 장비 활용률을 높인다.","운반활성지수를 가능한 낮게 유지한다.","화물을 가능한 한 개별 단위로 처리한다.","화물의 이동거리와 작업시간을 최소화한다.","작업 중간마다 화물 흐름을 멈추고 검사한다.",4,"효율적인 하역은 화물의 이동거리와 작업시간을 최소화하여 작업효율을 높이는 것이 원칙이다."
29,보관하역론,BH02. 하역론,하,"다음 중 하역장비 선정 시 일반적으로 고려하지 않는 요소는?",,"취급 화물의 중량과 크기","작업공간과 시설구조","장비의 안전성과 유지관리성","경제성과 작업효율","화물 제조사의 브랜드",5,"하역장비는 화물 특성, 작업환경, 안전성, 경제성 등을 고려하여 선정하며 제조사 브랜드는 일반적인 선정기준이 아니다."
30,보관하역론,BH02. 하역론,중,"다음 용어의 설명으로 옳은 것은?",,"디배닝(Devanning): 컨테이너에 화물을 적재하는 작업","피킹(Picking): 화물을 목적지별로 자동 분류하는 작업","더네이지(Dunnage): 화물을 고정하기 위해 와이어를 설치하는 작업","래싱(Lashing): 운송 중 화물이 움직이지 않도록 고정하는 작업","소팅(Sorting): 컨테이너 내부를 청소하는 작업",4,"래싱(Lashing)은 화물이 운송 중 이동하지 않도록 로프, 벨트 등을 이용하여 고정하는 작업이다."
31,보관하역론,BH01. 보관론,중,"케이스 단위로 입고하여 동일한 케이스 단위로 출고하는 방식(C→C)에 적합하지 않은 랙은?",,"암 랙(Arm Rack)","슬라이딩 랙","모바일 랙","캐러셀 랙","자동 슬라이딩 랙",1,"암 랙은 장척물 보관용으로 케이스 단위 입출고 작업에는 적합하지 않다."
32,보관하역론,BH01. 보관론,중,"다음 설명에 해당하는 파렛트 운영방식은 무엇인가?",images/questions/logistics/29회-2/q032.png,"교환방식","리스·렌탈방식","공동소유방식","매입방식","회수방식",2,"파렛트 풀(Pallet Pool) 운영에서 가장 일반적인 형태는 리스·렌탈 방식이다."
33,보관하역론,BH02. 하역론,중,"다음 중 롤박스 파렛트(Roll Box Pallet)의 특징으로 가장 알맞은 것은?",,"액체화물 전용 밀폐용기이다.","분말화물 저장용 탱크이다.","Push-Pull 장치 전용 파렛트이다.","바퀴가 부착되어 이동이 쉽고 배송작업에 널리 활용된다.","양면형 목재 파렛트이다.",4,"롤박스 파렛트는 바퀴가 부착된 철제 구조로 운반 및 배송 효율을 높이는 데 많이 사용된다."
34,보관하역론,BH02. 하역론,중,"다음은 자동분류설비에서 활용되는 분류 방법들이다. 이 중 물리적인 장치의 움직임을 이용하여 화물을 목적지로 분기하는 방식만을 모두 고른 것은?",,"① 밀어내기(Pusher) 방식, 다이버터(Diverter) 방식, 슈(Shoe) 방식","② 바코드 방식, RFID 방식, OCR 방식","③ 밀어내기(Pusher) 방식, 바코드 방식, RFID 방식","④ 다이버터(Diverter) 방식, OCR 방식, RFID 방식","⑤ 슈(Shoe) 방식, 바코드 방식, OCR 방식",1,"밀어내기(Pusher), 다이버터(Diverter), 슈(Shoe) 방식은 모두 기계적인 장치의 동작을 이용하여 화물을 다른 방향으로 분기하는 자동분류 방식이다. 반면 바코드, RFID, OCR은 화물의 정보를 인식하는 기술로서 분류 기준을 제공할 뿐, 물리적인 분류 동작을 수행하는 방식은 아니다."
35,보관하역론,BH02. 하역론,중,"다음 중 항공화물터미널에서 주로 사용하는 하역장비만으로 묶인 것은?",,"돌리(Dolly), 스트래들 캐리어(Straddle Carrier), 탑핸들러(Top Handler)","로딩암(Loading Arm), 스트래들 캐리어(Straddle Carrier), 터그카(Tug Car)","탑핸들러(Top Handler), 트랜스포터(Transporter), 갠트리 크레인(Gantry Crane)","컨테이너 크레인(Container Crane), 돌리(Dolly), 스트래들 캐리어(Straddle Carrier)","터그카(Tug Car), 돌리(Dolly), 화물용 엘리베이터",5,"항공화물터미널에서는 터그카로 돌리 등을 견인하고, 돌리를 이용하여 ULD와 항공화물을 이동시키며, 터미널 내부의 층간 운반에는 화물용 엘리베이터를 사용할 수 있다. 스트래들 캐리어·탑핸들러·갠트리 크레인·컨테이너 크레인은 주로 항만 컨테이너터미널에서 사용하는 장비이다."
36,보관하역론,BH02.하역론,중,"다음 설명에 해당하는 하역장비는 무엇인가? 철도 컨테이너 야드에서 컨테이너를 적재·이동하며 스프레더와 긴 붐(Boom)을 이용하는 장비이다.","images/questions/logistics/29회-2/q036.png","오버헤드 브리지 크레인(OHBC)","레일 마운티드 갠트리 크레인(RMGC)","리치 스태커(Reach Stacker)","러버 타이어드 갠트리 크레인(RTGC)","야드 트랙터(Yard Tractor)",3,"리치 스태커는 스프레더와 붐을 이용하여 컨테이너를 적재·이동하는 장비로 철도터미널과 CY에서 널리 사용된다."
37,보관하역론,BH02.하역론,하,"항공화물 운송에 사용하는 ULD(Unit Load Device)의 특징으로 옳지 않은 것은?",,"항공기 지상 작업시간을 단축하는 데 도움이 된다.","모든 기종에서 동일한 ULD를 제한 없이 사용할 수 있다.","화물을 외부 충격과 오염으로부터 보호한다.","팔레트형과 컨테이너형 등 다양한 형태가 있다.","국제 기준에 따라 제작되는 장비가 사용된다.",2,"ULD는 항공기 기종에 따라 규격이 달라질 수 있으므로 모든 항공기에 동일하게 사용할 수 있는 것은 아니다."
38,보관하역론,BH02.하역론,중,"화인(Marking)에 대한 설명으로 가장 적절하지 않은 것은?",,"부화인은 제조사나 공급자를 식별하기 위한 표시이다.","취급주의 화인은 운송 및 적재 시 필요한 주의사항을 나타낸다.","라벨링은 금속판에 내용을 새겨 철사로 묶어 부착하는 방식이다.","주화인은 화물 식별에 필요한 기본 정보를 표시한다.","스텐실은 문자판을 이용하여 반복 표시하는 방법이다.",3,"금속판에 내용을 기록하여 부착하는 것은 태그(Tag)에 해당하며 라벨링은 인쇄된 라벨을 부착하는 방식이다."
39,보관하역론,BH01.보관론,중,"다음 중 화물 포장 원칙에 대한 설명으로 옳지 않은 것은?",,"포장의 대형화는 물류비 절감에 도움이 될 수 있다.","집중화와 집약화는 운송 효율을 높이는 데 활용된다.","상품의 외관을 우선하기 위해 보호기능은 최소화한다.","포장재는 내용물 보호 범위 내에서 변경할 수 있다.","포장의 표준화는 작업 효율 향상에 기여한다.",3,"포장의 가장 중요한 목적은 화물 보호이며 심미성은 그 이후에 고려된다."
40,보관하역론,BH02.하역론,중,"다음 중 집합포장(Unit Load Packaging)에 관한 설명으로 옳지 않은 것은?",,"쉬링크 포장은 열수축 필름을 이용하여 화물을 고정한다.","밴드 결속은 종이·플라스틱·금속 밴드를 이용하여 화물을 묶는다.","슬리브 포장은 열수축을 이용하여 화물을 완전히 밀봉하는 방식이다.","스트레치 포장은 필름의 신장력을 이용하여 화물을 고정한다.","코너패드는 밴드 결속 시 화물을 보호하는 역할을 한다.",3,"슬리브 포장은 일반적으로 슬리브 형태의 필름으로 측면을 감싸는 방식이며 열수축 밀봉과는 개념이 다르다."
41,물류관련법규,LR01. 물류정책기본법,중,"물류사업의 분류와 세부 업종의 연결로 적절하지 않은 것은?",,"종합물류서비스업 → 종합물류서비스기업","화물운송업 → 항공화물운송업 → 상업서류송달업","물류시설운영업 → 창고업 → 위험물보관업","물류서비스업 → 해운대리업 → 선박관리업","화물운송업 → 항만운송관련업 → 선박연료공급업",5,"선박연료공급업은 화물운송업이 아니라 물류서비스업의 항만운송관련업에 해당한다."
42,물류관련법규,LR01. 물류정책기본법,상,"물류정책기본법상 국가물류기본계획에 관한 설명으로 옳지 않은 것은?",,"국가물류기본계획은 장기계획으로 수립된다.","국가물류기본계획에는 물류보안 관련 사항이 포함될 수 있다.","국토종합계획 등 관련 국가계획과 조화를 이루어야 한다.","국가물류기본계획은 다른 국가계획보다 우선 적용된다.","국토교통부장관과 해양수산부장관이 공동으로 수립한다.",4,"국가물류기본계획은 관련 국가계획과 조화를 이루어야 하며 우선 적용되는 계획은 아니다."
43,물류관련법규,LR01. 물류정책기본법,중,"국가물류정책위원회에 대한 설명으로 옳지 않은 것은?",,"위원장은 국토교통부장관이 맡는다.","위원은 일정 요건에 따라 연임이 가능하다.","위원회는 국가물류정책의 주요 사항을 심의·조정한다.","회의는 재적위원 과반수 출석과 출석위원 과반수 찬성으로 의결한다.","위원 수는 위원장을 포함하여 법령에서 정한 범위 내에서 구성된다.",1,"위원장은 국토교통부장관이 아니라 국무총리가 맡는다."
44,물류관련법규,LR01. 물류정책기본법,중,"우수물류기업의 인증 주체에 관한 설명으로 옳지 않은 것은?",images/questions/logistics/29회-2/q044.png,"화물자동차운송기업의 인증 주체는 국토교통부장관이다.","국제물류주선기업의 인증 주체는 국토교통부장관이다.","종합물류서비스기업은 국토교통부장관과 해양수산부장관이 공동으로 인증한다.","화물정보망기업의 인증 주체는 국토교통부장관이다.","물류창고기업은 소재지와 관계없이 해양수산부장관이 단독으로 인증한다.",5,"물류창고기업은 국토교통부장관 또는 해양수산부장관이 인증한다. 다만 해양수산부장관은 항만구역에 있는 창고를 운영하는 기업에 관한 인증을 담당한다. 따라서 물류창고기업을 소재지와 관계없이 해양수산부장관이 단독으로 인증한다는 설명은 옳지 않다."
45,물류관련법규,LR01. 물류정책기본법,상,"국제물류주선업에 관한 설명으로 옳은 것은?",,"국제물류주선업은 허가를 받아야 영업할 수 있다.","사업 양도 시 권리와 의무는 승계되지 않는다.","법령에서 정한 결격사유에 해당하는 경우 등록이 제한될 수 있다.","자본금이 감소해도 변경등록은 필요하지 않다.","거짓 등록을 한 경우 허가만 취소할 수 있다.",3,"국제물류주선업은 등록제이며 법령상 결격사유가 있는 경우 등록이 제한된다."
46,물류관련법규,LR01. 물류정책기본법,중,"다음 과태료 기준표를 보고 빈칸에 들어갈 금액의 조합으로 옳은 것은.",images/questions/logistics/29회-2/q046.png,"50만원-100만원-150만원","50만원-100만원-200만원","100만원-150만원-200만원","100만원-150만원-300만원","100만원-200만원-300만원",2,"인증마크를 계속 사용한 경우 과태료는 1차 50만원, 2차 100만원, 3차 이상 200만원이다."
47,물류관련법규,LR01. 물류정책기본법,중,"물류체계 효율화에 관한 설명으로 옳지 않은 것은?",,"국토교통부장관은 기업물류비 산정지침 활용을 권고할 수 있다.","물류표준화 추진을 위해 산업통상자원부장관에게 표준 제·개정을 요청할 수 있다.","필요한 경우 물류공동화 시범사업을 운영할 수 있다.","기존 물류시설을 정비할 때에는 주변 시설과의 기능 중복 여부를 고려하여야 한다.","기업물류비 산정지침에는 물류비 계산서의 표준 서식이 반드시 포함되어야 한다.",5,"기업물류비 산정지침에 반드시 계산서 표준서식이 포함되어야 하는 것은 아니다."
48,물류관련법규,LR01. 물류정책기본법,상,"물류정책기본법상 물류정보화에 관한 설명으로 옳은 내용만을 모두 고른 것은?",images/questions/logistics/29회-2/q048.png,"ㄱ","ㄴ","ㄱ, ㄷ","ㄴ, ㄷ","ㄱ, ㄴ, ㄷ",2,"ㄱ은 위험물질 운송정보 관리에 관한 내용이며, ㄴ은 물류정보의 보관기간에 관한 규정이다. ㄷ은 설치·운영 대행기관을 잘못 설명하였다."
49,물류관련법규,LR02. 물류시설의 개발 및 운영에 관한 법률,중,「물류시설의 개발 및 운영에 관한 법률」에서 사용하는 용어의 정의로 가장 적절하지 않은 것은?,,물류의 정보화·자동화 등을 위한 시설은 물류시설에 포함된다.,택배시설을 운영하는 사업은 물류터미널사업에서 제외된다.,철도사업자가 화물을 일시 보관하는 시설은 물류창고업에서 제외될 수 있다.,도시첨단물류단지는 스마트물류단지와 일반물류단지로만 구분된다.,물류단지 내 이용자 편의를 위한 시설은 지원시설에 해당한다.,4,"도시첨단물류단지는 스마트·일반으로 구분하는 개념이 아니라 도시 내 물류지원 및 산업육성을 위한 복합 물류단지를 의미한다."
50,물류관련법규,LR02. 물류시설의 개발 및 운영에 관한 법률,중,"물류창고업의 등록 및 운영에 관한 설명으로 옳지 않은 것은?",,"법령에서 정한 규모 이상의 보관시설에서 물류창고업을 하려는 자는 등록하여야 한다.","등록한 중요사항을 변경하려는 경우에는 변경등록을 하여야 할 수 있다.","물류창고업자는 등록기준을 계속 유지하여야 한다.","국가 또는 지방자치단체는 물류창고업 관련 교육훈련사업을 지원할 수 있다.","물류창고업자는 등록을 마친 후에는 등록기준을 유지하지 않아도 된다.",5,"물류창고업자는 등록 당시뿐 아니라 영업하는 동안에도 법령에서 정한 등록기준을 계속 유지하여야 한다. 등록을 마쳤다는 이유로 등록기준 유지의무가 없어지는 것은 아니다."
51,물류관련법규,LR02. 물류시설의 개발 및 운영에 관한 법률,상,"도시첨단물류단지 지정 시 토지소유자 동의 기준으로 옳은 것은?",,"토지면적 2분의 1 이상, 소유자 총수 2분의 1 이상","토지면적 2분의 1 이상, 소유자 총수 3분의 2 이상","토지면적 3분의 2 이상, 소유자 총수 2분의 1 이상","토지면적 3분의 2 이상, 소유자 총수 4분의 3 이상","토지면적 4분의 3 이상, 소유자 총수 4분의 3 이상",1,"도시첨단물류단지 지정에는 예정지역 토지면적의 2분의 1 이상과 토지소유자 총수의 2분의 1 이상 동의가 필요하다."
52,물류관련법규,LR02. 물류시설의 개발 및 운영에 관한 법률,상,"물류단지의 개발 및 운영에 관한 설명으로 가장 적절한 것은?",,"일반물류단지 지정은 시장·군수·구청장의 신청이 있어야만 가능하다.","사업시행자가 토지소유자 조합인 경우에도 필요한 토지를 수용하거나 사용할 수 있다.","공공시설을 대체 설치한 경우 종전 시설은 지방자치단체에 귀속된다.","재정비사업을 시행하려면 입주업체 절반 이상의 동의를 받아야 한다.","사업시행자의 변경이 있으면 실시계획 승인은 반드시 취소된다.",2,"토지소유자가 설립한 조합도 법에서 정한 요건을 갖춘 경우 사업시행자가 될 수 있으며 필요한 토지의 수용 또는 사용이 가능하다."
53,물류관련법규,LR02. 물류시설의 개발 및 운영에 관한 법률,중,"다음 중 물류단지 안에서 별도의 허가 없이 할 수 있는 행위는?",,"토지를 분할하는 행위","관상수를 벌채하는 행위","건축법상 가설건축물을 신축하는 행위","건축물의 용도를 변경하는 행위","물류단지로 결정된 부지 안에 물건을 일시 적치하는 행위",5,"법령에서 정한 일정한 행위는 허가 없이 가능하며, 물류단지 예정부지 안에서의 물건 적치는 그 대상에 포함된다."
54,물류관련법규,LR02. 물류시설의 개발 및 운영에 관한 법률,중,"물류시설의 개발 및 운영에 관한 법령에서 규정하는 물류단지 관리기구에 해당하지 않는 기관은?",,"한국토지주택공사","한국철도공사","한국도로공사","항만공사","지방공사",2,"관리기구에는 한국토지주택공사, 한국도로공사, 한국수자원공사, 한국농어촌공사, 항만공사, 지방공사 등이 포함되며 한국철도공사는 해당되지 않는다."
55,물류관련법규,LR02. 물류시설의 개발 및 운영에 관한 법률,중,"물류시설의 개발 및 운영에 관한 법령상 과태료 부과 대상에 해당하는 것은?",,"등록한 물류창고업의 권리·의무 승계를 신고하지 않은 자","허위 서류로 물류단지 개발사업 시행자 지정을 받은 자","등록하지 않고 복합물류터미널사업을 운영한 자","물류창고업 등록기준을 충족하지 못한 자","공사시행인가 없이 물류단지를 조성한 자",1,"권리·의무 승계 신고 의무를 이행하지 않은 경우는 과태료 부과 대상이다. 허위 지정이나 무등록 사업 등은 과태료가 아니라 등록취소 또는 형사처벌 대상이 될 수 있다."
56,물류관련법규,LR02. 물류시설의 개발 및 운영에 관한 법률,상,"물류 교통·환경 정비지구에 관한 설명으로 옳은 것은?",,"정비지구 지정 신청은 대상 면적이 50만㎡ 이상이어야 가능하다.","둘 이상의 시·군·구에 걸친 경우에는 관계 시장·군수·구청장이 공동으로 지정한다.","정비지구 면적이 100분의 5 미만으로 변경되는 경우에는 주민 의견청취를 생략할 수 있다.","정비지구 지정은 지역물류정책위원회의 심의만 거치면 된다.","국가는 정비지구 안의 모든 물류시설 설치사업에 반드시 재정을 지원하여야 한다.",3,"정비지구 면적의 경미한 변경(100분의 5 미만)은 주민 의견청취 절차를 생략할 수 있다. 나머지 보기들은 지정 절차나 지원 요건을 잘못 설명한 것이다."
57,물류관련법규,LR04. 화물자동차 운수사업법,중,"화주가 함께 탑승하는 화물자동차에서 적재가 허용되지 않는 화물에 해당하는 것은?",,"기계·기구류","건축자재","협오감을 주는 식물","중량 25kg의 일반 화물","용적 5만 세제곱센티미터의 화물",3,"화주 동승 화물은 일정 중량과 용적 기준을 충족해야 하며 기계류와 건축자재는 허용 대상이다. 협오감을 주는 식물은 적재할 수 없는 화물에 해당한다."
58,물류관련법규,LR04. 화물자동차 운수사업법,중,"화물자동차 운송사업의 허가 등에 관한 설명으로 옳은 것은?",,"운송사업자가 차량 대수를 변경하려면 변경허가를 받아야 한다.","개인 운송사업자도 영업소 설치 시 반드시 허가를 받아야 한다.","임시허가를 받은 자가 허가기간 내 위·수탁계약을 체결하지 못한 경우 일정 기간 내 운송사업 허가를 신청할 수 있다.","증차를 수반하는 변경허가에는 조건을 부가할 수 없다.","사업정지 처분 중에도 주사무소 이전 허가를 받을 수 있다.",3,"임시허가를 받은 자는 허가기간 동안 위·수탁계약을 체결하지 못한 경우 법령에서 정한 기간 내 정식 허가를 신청할 수 있다. 나머지 보기는 허가·신고 절차를 잘못 설명하였다."
59,물류관련법규,LR04. 화물자동차 운수사업법,중,"화물자동차 운송사업자의 운송약관에 관한 설명으로 옳지 않은 것은?",,"운송약관 변경신고 결과는 일정 기간 내 신청인에게 통지하여야 한다.","운송약관은 영업소 등에 비치하여 이용자가 요구하면 열람할 수 있어야 한다.","운송약관에는 운송책임의 시작 시점과 종료 시점을 포함하여야 한다.","공정거래위원회는 표준 운송약관을 작성하여 사용을 권장할 수 있다.","운송약관 신고는 협회가 아닌 경우에는 대리 신청을 할 수 없다.",5,"운송약관 신고는 적법한 대리인을 통하여도 가능하며 협회만 대리할 수 있는 것은 아니다."
60,물류관련법규,LR04. 화물자동차 운수사업법,중,"다음 중 화물자동차 운송사업 허가 결격사유에 해당하지 않는 사람은?",,"파산선고를 받고 복권되지 않은 사람","관련 법령 위반으로 징역형 집행유예 기간 중인 사람","거짓이나 부정한 방법으로 허가를 받아 취소된 후 일정 기간이 지나지 않은 사람","허가취소 후 법정 제한기간이 경과하지 않은 사람","과거 허가가 취소되었으나 법정 제한기간이 모두 지난 사람",5,"허가취소 이후 법령에서 정한 제한기간이 모두 경과하였다면 결격사유에서 제외된다. 나머지 보기들은 모두 결격사유에 해당한다."
61,물류관련법규,LR04. 화물자동차 운수사업법,중,"화물자동차 운송주선사업에 관한 설명으로 옳은 것은?",,"운송 중 손해배상은 민법 규정만 적용된다.","운송가맹사업 허가를 받은 자는 별도의 운송주선사업 허가 없이 운송주선사업을 할 수 있다.","주사무소 외 장소에서 영업하려면 신고만 하면 된다.","자기 명의를 다른 사람에게 빌려 운송주선사업을 하게 할 수 있다.","운송주선사업자는 운송을 알선하면서 별도의 수수료를 받을 수 없다.",2,"화물자동차 운송가맹사업 허가를 받은 자는 별도의 운송주선사업 허가 없이 운송주선사업을 할 수 있다. 나머지 보기는 관련 규정을 잘못 설명한 것이다."
62,물류관련법규,LR04. 화물자동차 운수사업법,중,"다음 중 운송가맹사업자의 변경신고 대상에 해당하는 사항만을 모두 고른 것은?",images/questions/logistics/29회-2/q062.png,"ㄱ, ㄴ","ㄱ, ㄷ","ㄴ, ㄷ","ㄱ, ㄴ, ㄷ","ㄱ, ㄴ, ㄷ, ㄹ",4,"화물취급소의 설치·폐지, 주사무소의 이전, 운송가맹계약의 체결·변경·해제 또는 해지는 운송가맹사업자의 변경신고 대상이다. 상호의 변경은 이 문제에서 제시한 변경신고 대상에 해당하지 않는다. 따라서 해당하는 것은 ㄱ, ㄴ, ㄷ이다."
63,물류관련법규,LR04. 화물자동차 운수사업법,중,"운송사업자에게 명할 수 있는 개선명령의 내용으로 보기 어려운 것은?",,"운송시설의 개선","화물 안전운송을 위한 조치","운송약관의 변경","의무보험 가입","차량 연료 종류 변경",5,"법령에서 규정한 개선명령에는 운송시설 개선, 운송약관 변경, 안전조치, 의무보험 가입 등이 포함되지만 차량 연료 변경은 포함되지 않는다."
64,물류관련법규,LR04. 화물자동차 운수사업법,중,"적재물배상 책임보험 등에 관한 설명으로 옳지 않은 것은?",,"운송사업자는 사업자별로 보험에 가입하면 된다.","운송가맹사업자도 보험 가입 대상이다.","이사화물을 취급하는 운송주선사업자도 보험 가입 대상이다.","보험 종료 통지에는 무보험 상태에 대한 안내를 포함하여야 한다.","보험회사는 재계약이 이루어지지 않은 경우 이를 관계 기관에 알려야 한다.",1,"운송사업자는 사업자별이 아니라 차량별 가입이 원칙이다."
65,물류관련법규,LR04. 화물자동차 운수사업법,중,"화물자동차 운송사업의 경영 위탁에 관한 설명으로 옳은 것은?",,"경영 전부를 다른 사람에게 위탁할 수 있다.","허가권자는 경영 위탁을 제한할 수 없다.","위·수탁계약에는 운수종사자 교육에 관한 사항을 포함하여야 한다.","위·수탁계약 기간은 반드시 3년 이상이어야 한다.","실태조사는 시·군·구청장이 연 2회 실시한다.",3,"위·수탁계약에는 운수종사자 교육 등 필요한 사항을 포함하여야 하며, 다른 보기는 법령과 다르다."
66,물류관련법규,LR04. 화물자동차 운수사업법,중,"화물자동차 운송사업 종사자의 준수사항이 아닌 것은?",,"적재물이 떨어지지 않도록 필요한 조치를 할 것","택시와 혼동될 수 있는 표시행위를 하지 말 것","고장 차량 운송과 관련하여 부정한 금품을 주고받지 말 것","승인받지 않은 튜닝 차량을 운행하지 말 것","장시간 정차하여 화주를 호객하지 말 것",4,"승인받지 않은 튜닝 차량 운행 금지는 운송사업자의 준수사항이며 운수종사자의 준수사항은 아니다."
67,물류관련법규,LR03. 유통산업발전법,중,"유통상생발전협의회에 관한 설명으로 옳은 것은?",,"위원 임기는 1년이다.","위원 수는 회장을 포함하여 10명 이내이다.","회장은 해당 지방자치단체장이 된다.","회의는 매월 개최하여야 한다.","지역 주민단체 대표가 위원으로 위촉될 수 있다.",5,"주민단체 대표 등 다양한 분야의 인사를 협의회 위원으로 위촉할 수 있다. 나머지 보기들은 구성 및 운영 기준과 다르다."
68,물류관련법규,LR03. 유통산업발전법,중,"다음 자료의 (가), (나), (다)에 들어갈 수치를 순서대로 올바르게 연결한 것은?",images/questions/logistics/29회-2/q068.png,"3-2-1","2-1-1","3-2-2","5-3-2","5-3-3",1,"공동집배송센터는 부지면적이 3만㎡ 이상이어야 한다. 다만 상업지역 또는 공업지역에서는 부지면적이 2만㎡ 이상이어야 하며, 집배송시설면적은 1만㎡ 이상이어야 한다. 따라서 (가), (나), (다)는 각각 3, 2, 1이다."
69,물류관련법규,LR03. 유통산업발전법,중,"유통산업발전법상 유통분쟁조정위원회의 조정 대상에 해당하지 않는 것은?",,"대규모점포와 인근 중소제조업체 간 영업활동 분쟁","대규모점포 운영으로 인한 주민 생활환경 분쟁","대규모점포 운영자의 소비자 안전관리와 관련된 분쟁","대규모점포 운영자의 상생협력 추진과 관련된 분쟁","독점규제 및 공정거래 관련 법률이 적용되는 영업활동 분쟁",5,"공정거래 관련 법률이 직접 적용되는 사안은 유통분쟁조정위원회의 조정 대상에서 제외된다."
70,물류관련법규,LR03. 유통산업발전법,중,"대규모점포 등록 시 제출하는 상권영향평가서의 필수 기재사항이 아닌 것은?",,"상권영향분석의 범위","상권의 특성","재무계획","요약","기존 사업자 현황 분석",3,"재무계획은 사업계획서에 해당하는 내용이며 상권영향평가서의 필수 기재사항은 아니다."
71,물류관련법규,LR03. 유통산업발전법,중,"유통산업발전법상 상점가진흥조합에 관한 설명으로 옳은 것은?",,"조합은 협동조합 형태로만 설립할 수 있다.","조합 구역은 다른 상점가진흥조합과 중복 지정될 수 있다.","상점가진흥조합은 협동조합 또는 사업조합의 형태로 설립할 수 있다.","조합원의 임기는 모두 1년이다.","공공시설 설치사업은 지방자치단체의 지원 대상이 아니다.",3,"상점가진흥조합은 협동조합 또는 사업조합 형태로 설립할 수 있다."
72,물류관련법규,LR06. 항만운송사업법,하,"항만운송관련사업에 해당하지 않는 것은?",,"항만용역업","선용품공급업","선박연료공급업","컨테이너수리업","선적화물검수업",5,"선적화물검수업은 항만운송사업에 해당하며 항만운송관련사업으로 분류되지 않는다."
73,물류관련법규,LR06. 항만운송사업법,중,"항만운송사업법상 부두운영회사에 관한 설명으로 옳은 것은?",,"항만시설 사용료는 감면할 수 없다.","임대료를 2개월 이상 연체하면 계약을 반드시 해지하여야 한다.","계약 연장 신청은 계약 종료 3개월 전까지 해야 한다.","화물유치 실적이 부족하면 사유와 관계없이 위약금을 부과한다.","항만공사와 임대차계약을 체결하여 지정된 항만시설을 사용하는 자는 부두운영회사에 해당하지 않는다.",5,"항만공사와 단순 임대차계약을 체결하여 시설을 사용하는 자는 부두운영회사로 보지 않는다."
74,물류관련법규,LR06. 항만운송사업법,중,"다음 중 항만운송사업이 아닌 행위는?",,"선박으로 운송된 화물을 부두에서 선박으로 옮기는 작업","선박에서 사용하는 물품을 공급하기 위해 운송하는 작업","선박에서 내린 화물을 하역장으로 운반하는 작업","항만에서 목재를 뗏목으로 운송하는 작업","수면 목재적치장으로 목재를 이동시키는 작업",2,"선박용 물품을 공급하기 위한 운송은 항만운송관련사업에 해당하며 항만운송사업으로 보지 않는다."
75,물류관련법규,LR05. 철도사업법,중,"철도사업법상 부가 운임에 관한 설명이다. 빈칸에 들어갈 수를 올바르게 연결한 것은?",images/questions/logistics/29회-2/q075.png,"ㄱ:20, ㄴ:5","ㄱ:20, ㄴ:10","ㄱ:30, ㄴ:5","ㄱ:30, ㄴ:10","ㄱ:30, ㄴ:15",3,"무임승차 시에는 해당 운임의 30배 범위까지, 송하인의 허위신고로 운임이 부족한 경우에는 부족 운임의 5배 범위까지 부가운임을 징수할 수 있다."
76,물류관련법규,LR05. 철도사업법,중,"철도사업법상 철도사업의 관리에 관한 설명으로 옳지 않은 것은?",,"공동운수협정의 경미한 변경은 신고 대상이 될 수 있다.","공동운수협정을 체결하거나 변경하려면 국토교통부장관의 인가가 필요하다.","철도사업자의 합병은 인가 대상이다.","사업계획 중 여객열차 운행구간 변경은 인가 대상이다.","선로나 교량의 파괴 등으로 휴업하는 경우 휴업기간은 6개월을 초과할 수 있다.",5,"재해 등에 따른 휴업이라 하더라도 법령상 허용 범위를 초과하여 휴업할 수는 없다."
77,물류관련법규,LR05. 철도사업법,중,"철도사업법상 신고 대상에 해당하는 경우만을 모두 고른 것은?",images/questions/logistics/29회-2/q077.png,"ㄱ, ㄴ","ㄴ, ㄷ","ㄷ, ㄹ, ㅁ","ㄱ, ㄴ, ㄷ, ㄹ","ㄱ, ㄴ, ㄷ, ㄹ, ㅁ",4,"전용철도의 양도·양수, 일부 휴업, 전부 폐업, 상속에 따른 계속운영은 신고 대상이며 점용허가로 발생한 권리·의무 이전은 인가 대상이다."
78,물류관련법규,LR05. 철도사업법,하,"국유철도시설을 점용허가 없이 사용한 자에게 국토교통부장관이 부과할 수 있는 것은?",,"과태료","점용료","변상금","과징금","이행강제금",3,"무단 점용 시에는 점용료와는 별도로 변상금을 징수할 수 있다."
79,물류관련법규,LR07. 농수산물 유통 및 가격안정에 관한 법률,중,"농수산물도매시장에 관한 설명으로 옳지 않은 것은?",,"지방도매시장을 개설하려면 시·도지사의 허가를 받아야 한다.","도매시장법인이 변경되는 경우에는 관계 규정에 따라 승인 절차를 거쳐야 한다.","중앙도매시장에는 농산물과 수산물 모두에 도매시장법인을 둘 수 있다.","지방도매시장의 개설구역은 일정 범위에서 조정될 수 있다.","지방도매시장 개설자가 업무규정을 변경하는 경우에는 승인 절차가 필요하다.",3,"중앙도매시장의 도매시장법인은 품목별로 지정되므로 농산물과 수산물을 하나의 법인이 동시에 담당하는 것은 아니다."
80,물류관련법규,LR07. 농수산물 유통 및 가격안정에 관한 법률,중,"농수산물공판장에 관한 설명으로 옳지 않은 것은?",,"공판장을 개설하려면 승인 절차가 필요하다.","교통 혼잡을 유발할 우려가 있는 장소는 승인 제한 사유가 될 수 있다.","공판장의 중도매인은 개설자가 지정한다.","공판장에는 경매사 등을 둘 수 있다.","농협의 유통자회사는 공판장을 운영할 수 없다.",5,"농협의 유통자회사는 법령에 따라 도매시장 공판장을 운영할 수 있다."