"번호","과목","챕터","난이도","문제","문제이미지","보기1","보기2","보기3","보기4","보기5","정답","해설"
"1","부동산공시법령","RE05-04 토지이동 및 지적정리","하","지적소관청의 토지표시 변경등기 촉탁 대상에 해당하지 않는 토지이동은?","","지목변경","합병","신규등록","축척변경","지번변경","3","정답 3번. 신규등록은 기존 토지표시를 변경하는 등기가 아니므로 해당 촉탁 대상에서 제외된다. 지목·지번·면적 등의 변경이나 합병은 법정 촉탁 대상이다."
"2","부동산공시법령","RE05-02 토지의 등록","하","지목이 전인 토지의 소유자가 수확이 끝난 뒤 2주간 임시 주차장으로 사용하였다. 영구적인 이용변경이나 다른 사정은 없다. 지목 설정에 관한 설명으로 옳은 것은?","","임시 사용기간이 7일을 넘으면 잡종지로 변경해야 한다.","소유자의 희망만으로 대로 변경해야 한다.","차량이 들어온 첫날부터 주차장으로 변경해야 한다.","일시적 사용만으로 주차장으로 지목을 변경하지 않는다.","전과 주차장이라는 두 지목을 동시에 설정해야 한다.","4","정답 4번. 지목은 토지의 주된 용도에 따라 필지마다 하나를 설정한다. 일시적·임시적 용도로 사용한다는 사정만으로 그 용도로 지목을 변경하지 않는다."
"3","부동산공시법령","RE05-02 토지의 등록","중","인접 토지 사이의 지상경계를 형성하는 구조물에 관하여 소유자가 서로 다른 경우 지상경계 결정의 기준은?","","담장을 먼저 설치한 사람의 주장에 따라 정한다.","낮은 지대 토지의 소유자에게 전부 귀속시켜 정한다.","구조물의 소유자가 달라도 반드시 정중앙으로 정한다.","그 구조물 등의 소유권에 따라 결정한다.","토지의 면적이 큰 쪽에 구조물을 포함시켜 정한다.","4","정답 4번. 지상경계 구획을 형성하는 구조물 등의 소유자가 다른 경우에는 그 소유권에 따라 경계를 결정한다. 정중앙 기준을 모든 경우에 일률적으로 적용해서는 안 된다."
"4","부동산공시법령","RE05-02 토지의 등록","중","임야대장에 등록된 여러 필지를 등록전환하려 한다. 등록전환 대상이 기존 등록 토지와 멀리 떨어져 있어 기존 본번에 부번을 붙이는 것이 불합리하다. 허용되는 지번 부여 방법은?","","임야대장의 산 지번을 지적도에 그대로 옮겨야만 한다.","해당 지번부여지역 최종 본번 다음 번호부터 본번을 순차적으로 부여한다.","이미 등록된 토지의 본번을 중복하여 부여한다.","소유자가 선택한 다른 동의 본번을 부여한다.","대상 필지를 지번 없이 면적으로만 등록한다.","2","정답 2번. 등록전환 대상이 기존 등록 토지와 멀리 떨어져 본번에 부번을 붙이는 것이 불합리한 경우 최종 본번 다음 순번부터 본번을 순차적으로 부여할 수 있다."
"5","부동산공시법령","RE05-05 지적측량","상","경계점좌표등록부 시행지역에서 280.0㎡ 토지를 분할한다. 이미지의 계산면적은 A 113.256㎡·B 94.267㎡·C 72.477㎡이고 다른 오차는 없다. 0.1㎡ 단위로 등록하면서 합계가 분할 전 면적과 일치하도록 조정한 A·B·C의 면적은?","images\questions\realtor\35회-2-2/q005.png","113.3㎡·94.3㎡·72.5㎡","113.2㎡·94.3㎡·72.5㎡","113.2㎡·94.2㎡·72.6㎡","113.3㎡·94.2㎡·72.5㎡","113.3㎡·94.3㎡·72.4㎡","2","정답 2번. 각 면적을 반올림하면 113.3+94.3+72.5=280.1㎡로 0.1㎡ 많다. 구하려는 끝자리의 다음 숫자인 소수 둘째 자리가 가장 작은 A부터 버림 조정한다. A의 그 숫자는 5이고 B는 6·C는 7이므로 A를 113.2㎡로 정한다."
"6","부동산공시법령","RE05-04 토지이동 및 지적정리","중","갑 소유의 인접한 두 토지는 지목·축척·지번부여지역이 같고 합병을 제한하는 권리등기도 없다. 두 토지의 소유권이전등기 날짜만 다르다. 설명으로 옳은 것은?","","등기 날짜가 다르다는 사정만으로 합병신청이 금지되지 않는다.","등기 날짜가 다르면 면적과 관계없이 합병할 수 없다.","소유권이전등기를 모두 말소한 뒤에만 합병할 수 있다.","두 토지의 등기 날짜를 경정등기로 같게 만들어야 한다.","등기 날짜가 다르면 반드시 지목부터 바꾸어야 한다.","1","정답 1번. 소유권이전등기 연월일이 다르다는 사정 자체는 합병 금지사유가 아니다. 지목·소유자 및 공유지분·축척·지번부여지역과 법정 권리 제한 등은 별도로 확인한다."
"7","부동산공시법령","RE05-04 토지이동 및 지적정리","중","지적소관청이 지적공부의 등록사항을 직권 정정할 수 있는 법정 사유만 고른 것은? ㄱ: 토지이동정리 결의서와 다르게 정리됨 / ㄴ: 연속지적도 작성 오류만 있음 / ㄷ: 면적 증감 없이 도면상 경계 위치만 잘못됨.","","ㄴ만","ㄱ·ㄷ","ㄱ만","ㄱ·ㄴ·ㄷ","ㄱ·ㄴ","2","정답 2번. 결의서와 다르게 정리되거나 면적 증감 없이 경계 위치만 잘못된 경우 등은 직권 정정 사유이다. 연속지적도 자체의 작성 오류를 곧바로 지적공부 등록사항 정정 사유로 볼 수는 없다."
"8","부동산공시법령","RE05-02 토지의 등록","하","지목을 잡종지로 정하는 시설 부지가 아닌 것은? 다른 용도와 원상회복 조건부 허가는 고려하지 않는다.","","쓰레기처리장 부지","변전소 부지","항만시설 부지","야외시장 부지","파도를 막기 위해 설치한 방파제 부지","5","정답 5번. 방파제·방사제 등의 부지는 제방에 해당한다. 항만시설·변전소·쓰레기처리장·야외시장 등의 부지는 법령상 잡종지 기준에 해당한다."
"9","부동산공시법령","RE05-03 지적공부","하","지적도와 임야도에 모두 사용할 수 있는 축척의 조합은?","","1:1200·1:6000","1:3000·1:6000","1:500·1:1000","1:600·1:1200","1:2400·1:6000","2","정답 2번. 지적도의 축척은 1:500·600·1000·1200·2400·3000·6000이고 임야도는 1:3000·6000이다. 따라서 공통된 축척은 1:3000과 1:6000이다."
"10","부동산공시법령","RE05-03 지적공부","중","지적공부와 등록사항을 바르게 연결한 것은?","","경계점좌표등록부: 소유자의 주소·건물 구조","토지대장: 경계선·좌표·도곽선","공유지연명부: 경계점 좌표·지적도 축척","대지권등록부: 각 경계점의 X·Y 좌표","토지대장: 지목·면적·소유자의 성명 또는 명칭","5","정답 5번. 토지대장에는 소재·지번·지목·면적·소유자 사항 등을 등록한다. 경계와 도곽선은 도면 관련 사항이고 경계점 좌표는 경계점좌표등록부의 사항이다."
"11","부동산공시법령","RE05-03 지적공부","중","지적공부 복구에 사용할 수 있는 관계 자료만 고른 것은? ㄱ: 측량 결과도 / ㄴ: 확정판결서 사본 / ㄷ: 등기사실을 증명하는 등기사항증명서 / ㄹ: 지적소관청이 발행한 등록내용 증명서류.","","ㄴ·ㄹ","ㄱ·ㄷ","ㄴ·ㄷ·ㄹ","ㄱ·ㄴ·ㄷ·ㄹ","ㄱ·ㄴ·ㄷ","4","정답 4번. 측량 결과도·확정판결서 정본 또는 사본·등기사실 증명서류·지적소관청이 작성하거나 발행한 등록내용 증명서류는 모두 복구 관계 자료에 포함된다."
"12","부동산공시법령","RE05-04 토지이동 및 지적정리","중","축척변경 측량 결과 면적 증감이 발생하였다. 토지소유자 6명 중 4명만 청산하지 않기로 합의하여 서면을 제출하였다. 다른 청산 제외사유는 없다. 옳은 것은?","","3분의 2가 합의했으므로 반드시 청산을 생략한다.","면적이 증가한 토지에 대해서만 청산을 생략한다.","전원의 합의가 아니므로 청산을 하지 않는 예외에 해당하지 않는다.","반대자 2명에 대해서만 청산하고 나머지는 반드시 제외한다.","축척변경에는 면적 증감과 관계없이 청산제도가 없다.","3","정답 3번. 축척변경 시행 동의의 3분의 2 기준과 청산 생략의 전원 합의 기준은 다르다. 청산하지 않기로 한 토지소유자 전원의 서면 합의가 없으면 이 예외를 적용할 수 없다."
"13","부동산공시법령","RE05-07 등기절차 및 각종 권리등기","하","요역지와 승역지의 소유자가 통행 지역권 설정과 함께 사용대가를 지급하기로 약정하였다. 지역권 등기에 관한 설명으로 옳은 것은?","","지역권은 유상 약정이면 설정등기를 할 수 없다.","지료 지급방법이 없으면 등기관이 임의로 정하여 기록한다.","지료를 약정했으면 그 금액을 반드시 등기한다.","지료 지급장소가 지역권의 필수 등기사항이다.","사용대가인 지료 약정은 지역권 등기사항이 아니다.","5","정답 5번. 지역권은 목적과 범위 등을 등기하지만 지료 약정은 등기사항이 아니다. 유상 약정의 실체적 효력과 등기 가능한 사항을 구별해야 한다."
"14","부동산공시법령","RE05-08 표시등기·변경등기·말소등기 등","중","근저당권의 피담보채무가 모두 변제되어 소유자 갑과 근저당권자 을이 말소등기를 하려 한다. 판결 등 집행권원이나 단독신청 특례는 없다. 신청 방식은?","","갑의 단독신청","변제 영수증만으로 등기관이 직권 말소","갑과 을의 공동신청","을의 단독신청","채무자가 누구인지와 관계없이 채무자의 단독신청","3","정답 3번. 변제에 따른 근저당권 말소는 원칙적으로 소유자인 등기권리자와 근저당권자인 등기의무자가 공동신청한다. 변제 영수증 자체가 단독신청이나 직권말소 근거가 되지는 않는다."
"15","부동산공시법령","RE05-06 부동산등기법 총론","중","등기의무자 갑은 을을 상대로 등기절차 인수를 명하는 소송에서 승소한 집행력 있는 판결을 받았다. 그 판결에 따라 갑이 단독으로 등기를 신청할 때 옳은 것은?","","갑의 등기필정보는 제공할 필요가 없다.","을이 협조하지 않으면 갑은 판결에 따른 신청도 할 수 없다.","갑의 등기필정보를 반드시 제공해야 하며 판결로도 면제되지 않는다.","등기권리자와 의무자의 인적 사항은 모두 생략한다.","등기원인 증명정보에 해당하는 판결정보는 제공하지 않는다.","1","정답 1번. 등기절차 인수를 명하는 집행력 있는 판결에 따라 승소한 등기의무자가 신청하는 경우 등기필정보 제공이 면제된다. 판결정보 및 필요한 신청정보까지 모두 생략되는 것은 아니다."
"16","부동산공시법령","RE05-06 부동산등기법 총론","상","등기신청을 사건이 등기할 것이 아닌 경우로 각하해야 하는 것만 고른 것은? ㄱ: 농지를 목적으로 하는 전세권설정등기 / ㄴ: 공동상속인 한 명이 자기 상속지분만 신청하는 상속등기 / ㄷ: 저당권등기가 남아 있는 실제 멸실된 일반건물의 멸실등기.","","ㄴ·ㄷ","ㄱ·ㄴ","ㄱ·ㄴ·ㄷ","ㄱ·ㄷ","ㄱ만","2","정답 2번. 농지는 전세권 목적이 될 수 없고 공동상속인 일부의 지분만에 대한 상속등기도 허용되지 않는다. 실제 멸실된 일반건물은 소유권 외의 권리등기가 있어도 멸실등기를 할 수 있다."
"17","부동산공시법령","RE05-07 등기절차 및 각종 권리등기","상","진정명의회복을 원인으로 하는 소유권이전등기에 관한 설명으로 옳은 것만 고른 것은? ㄱ: 신청정보에 등기원인일자를 적지 않음 / ㄴ: 허가구역 토지라도 토지거래허가증을 첨부할 필요 없음 / ㄷ: 이전등기를 명한 승소확정판결로 현재 명의인의 등기 말소를 대신 신청할 수 있음.","","ㄱ·ㄴ","ㄴ만","ㄱ·ㄷ","ㄱ·ㄴ·ㄷ","ㄱ만","1","정답 1번. 진정명의회복 등기는 등기원인일자를 적지 않고 토지거래허가증도 필요하지 않다. 소유권이전등기를 명한 판결은 그 주문과 다른 말소등기를 신청하는 집행권원이 되지 않는다."
"18","부동산공시법령","RE05-07 등기절차 및 각종 권리등기","상","갑이 사망한 뒤 상속등기 전에 공동상속인 을·병이 토지를 을에게 귀속시키는 적법한 협의분할을 마쳤다. 다른 사정이 없을 때 옳은 것은?","","법정상속분 등기를 반드시 먼저 거쳐야 한다.","협의분할한 날을 등기원인일자로 적어야 한다.","협의분할에 따른 등기는 소유권보존등기로 신청한다.","을 단독명의 등기를 하려면 병 지분에 대한 매매계약이 필요하다.","갑의 사망일을 등기원인일자로 하여 을 명의의 협의분할 상속등기를 신청할 수 있다.","5","정답 5번. 상속등기 전에 협의분할을 하면 법정상속분 등기를 거치지 않고 분할 내용대로 등기할 수 있다. 상속의 효력은 사망일에 발생하므로 등기원인일자는 협의일이 아닌 사망일이다."
"19","부동산공시법령","RE05-07 등기절차 및 각종 권리등기","중","매도인 갑이 환매특약을 붙여 토지를 을에게 매도하였다. 환매특약등기의 신청에 관한 설명으로 옳은 것은?","","약정에 환매기간이 없으면 등기관이 10년으로 기록해야 한다.","환매특약등기를 하면 을의 모든 처분행위가 금지된다.","토지 전체가 아닌 소유권 지분을 매매하면 환매특약등기를 할 수 없다.","매매에 따른 소유권이전등기 신청과 동시에 신청해야 한다.","소유권이전등기 후 6개월 이내라면 언제든 따로 신청할 수 있다.","4","정답 4번. 환매특약등기는 매매로 인한 소유권이전등기 신청과 동시에 신청한다. 처분금지 효력은 없으며 환매기간은 약정이 있을 때 기록한다. 지분 매매와 지분 일부만의 환매 유보는 구별한다."
"20","부동산공시법령","RE05-07 등기절차 및 각종 권리등기","중","임차권등기 절차에 관한 설명으로 옳은 것만 고른 것은? ㄱ: 등기된 임차권에 기초한 적법한 전대등기는 부기등기로 함 / ㄴ: 임차권등기명령으로 마친 주택임차권등기에 기초한 임차권이전등기는 허용됨 / ㄷ: 적법한 촉탁이 있는 미등기 주택은 등기관이 직권 보존등기 후 임차권등기를 함.","","ㄱ·ㄷ","ㄴ·ㄷ","ㄴ만","ㄱ·ㄴ·ㄷ","ㄱ만","1","정답 1번. 전대등기는 임차권설정등기에 부기한다. 보증금 회수를 위한 임차권등기명령 등기를 기초로 임차권이전등기는 할 수 없다. 미등기 주택에 대한 적법한 촉탁에서는 직권 보존등기 절차가 따른다."
"21","부동산공시법령","RE05-07 등기절차 및 각종 권리등기","중","같은 채권을 담보하기 위해 부동산 6개에 공동저당권을 설정한다. 공동담보목록에 관한 설명으로 옳은 것은?","","등기관이 전자적으로 작성하고 등기기록의 일부로 본다.","목적 부동산이 10개 이상일 때만 작성한다.","부동산이 6개이면 서로 다른 채권으로 분리해야 한다.","신청인이 개인 문서로 작성한 목록만으로 등기기록을 대신한다.","목록을 작성하면 각 부동산의 저당권 설정등기는 생략한다.","1","정답 1번. 공동저당 목적 부동산이 5개 이상이면 등기관이 공동담보목록을 작성하고 그 목록은 등기기록의 일부가 된다. 각 부동산의 저당권 등기를 대신하는 것은 아니다."
"22","부동산공시법령","RE05-08 표시등기·변경등기·말소등기 등","상","이미지처럼 갑 소유 토지에 4월 3일 을의 소유권이전청구권 가등기·5월 8일 병의 근저당권·6월 11일 정의 가압류가 순서대로 등기되었다. 8월 20일 을이 가등기에 기한 본등기를 마쳤다. 특별한 예외가 없을 때 본등기와 양립하지 않아 직권말소되는 것은?","images\questions\realtor\35회-2-2/q022.png","정의 가압류등기만","병의 근저당권등기만","병의 근저당권등기와 정의 가압류등기 모두","가등기 이전부터 존재한 권리까지 모두","어느 것도 말소되지 않음","3","정답 3번. 소유권이전 가등기에 기한 본등기 시 그 가등기 뒤에 마쳐진 등기 중 본등기로 보전되는 소유권과 양립하지 않는 근저당권·가압류 등은 직권말소한다. 가등기 이전 권리까지 일반적으로 없애는 것은 아니다."
"23","부동산공시법령","RE05-06 부동산등기법 총론","중","관공서가 등기를 촉탁하는 절차에 관한 설명으로 옳은 것은?","","관공서는 촉탁서를 우편으로 제출할 수 없다.","촉탁에 따른 모든 등기는 등기원인이 없어도 가능하다.","법률에 다른 규정이 없으면 신청에 따른 등기 규정을 준용한다.","등기촉탁에는 어떤 경우에도 첨부정보를 제공하지 않는다.","법원의 촉탁으로 할 등기를 당사자가 신청하면 언제나 수리한다.","3","정답 3번. 촉탁 등기에도 특별한 규정이 없으면 신청 등기 규정을 준용한다. 관공서의 우편 제출도 가능하고 법원 촉탁 사항을 일반 당사자 신청으로 대체할 수는 없다."
"24","부동산공시법령","RE05-07 등기절차 및 각종 권리등기","중","을의 소유권이전청구권 가등기가 2월 1일에 마쳐지고 7월 1일 본등기가 이루어졌다. 다른 사정이 없을 때 가등기의 효력에 관한 설명으로 옳은 것은?","","가등기가 있으면 이전청구권의 원인 법률관계가 당연히 추정된다.","가등기만으로 을은 이미 완전한 소유권을 취득한다.","소유권은 2월 1일로 소급하여 이전한다.","본등기의 순위는 가등기 순위에 따르지만 소유권 변동은 본등기 시 발생한다.","본등기를 해도 가등기가 보전한 순위를 이용할 수 없다.","4","정답 4번. 가등기는 본등기의 순위를 보전하지만 물권변동의 효력을 가등기 시점으로 소급시키지는 않는다. 가등기만으로 원인 법률관계가 있다고 추정되는 것도 아니다."
"25","부동산세법","RE06-01 조세 총론","하","납세자가 취득세 과세표준과 세액을 적법하게 신고하였다. 다른 특례가 없을 때 신고한 세액의 조세 우선관계 판단에 쓰는 법정기일은?","","소유권이전등기일","신고납부기한 다음 날","부동산 매매계약일","신고일","잔금 지급일","4","정답 4번. 신고로 납세의무가 확정되는 취득세의 신고세액에 대한 법정기일은 신고일이다. 취득시기나 신고납부기한과 조세 우선관계 판단의 법정기일은 구별해야 한다."
"26","부동산세법","RE06-01 조세 총론","중","가산세를 제외한 지방세가 7000만원이다. 징수권을 행사할 수 있는 때부터 중단·정지 없이 행사하지 않았다. 지방세징수권 소멸시효 기간은?","","7년","3년","15년","5년","10년","5","정답 5번. 가산세를 제외한 지방세가 5000만원 이상이면 지방세징수권 소멸시효는 10년이다. 5000만원 미만은 5년이며 기간의 중단·정지는 별도로 판단한다."
"27","부동산세법","RE06-05 종합부동산세","중","갑은 2024년 6월 1일 현재 세율 적용 주택 수에 포함되는 주택 3채를 소유했다. 그중 2채를 7월 15일 매도하고 같은 날 이전등기하였다. 다른 특례가 없을 때 2024년 주택분 종합부동산세의 세율 적용 주택 수는?","","1채","2채","3채","0채","과세관청의 고지일에 소유한 채수","3","정답 3번. 종합부동산세는 과세기준일인 6월 1일을 기준으로 판단한다. 그 뒤의 매도로 해당 연도 세율 적용 주택 수를 1채로 바꾸지 않는다. 주택 수별 누진세율은 과세표준에 따라 적용한다."
"28","부동산세법","RE06-05 종합부동산세","중","개인 갑의 6월 1일 현재 토지 공시가격 합계는 종합합산 8억2000만원·별도합산 83억원이다. 공정시장가액비율은 모두 100%이며 제외 토지나 다른 특례는 없다. 종합부동산세 과세표준의 조합은?","","종합합산 1억6000만원·별도합산 1억5000만원","종합합산 8억2000만원·별도합산 83억원","종합합산 3억2000만원·별도합산 13억원","종합합산 2억2000만원·별도합산 3억원","종합합산 3억2000만원·별도합산 3억원","5","정답 5번. 토지분 공제금액은 종합합산 5억원·별도합산 80억원이다. 각각 (8.2−5)×100%=3.2억원과 (83−80)×100%=3억원이다. 두 과세유형의 과세표준은 따로 계산한다."
"29","부동산세법","RE06-02 취득세","중","개인 갑이 2024년에 건축물을 상속받았다. 취득 당시 시가표준액은 2억5000만원이고 시가인정액은 3억4000만원이다. 다른 특례가 없을 때 취득세의 취득당시가액은?","","2억5000만원","두 가액의 차액 9000만원","두 가액의 평균 2억9500만원","피상속인의 최초 매수가격","3억4000만원","1","정답 1번. 상속으로 건축물을 취득한 경우 취득당시가액은 시가표준액이다. 일반 무상취득의 시가인정액 기준과 상속에 관한 예외를 구별해야 한다."
"30","부동산세법","RE06-02 취득세","중","영리법인 갑이 보유 부동산을 국가에 귀속시키는 반대급부로 국가 소유 부동산을 무상 양여받았다. 지방세특례제한법에 따른 감면과 다른 특례는 없다. 옳은 것은?","","법인이므로 취득세 대신 재산세만 부과한다.","국가 소유였던 부동산은 누구의 취득이든 비과세이다.","소유권이전등기를 하지 않으면 사실상 취득해도 과세되지 않는다.","양여라는 형식이면 영리법인의 취득도 언제나 비과세이다.","귀속의 반대급부 취득이므로 해당 취득에 취득세가 부과된다.","5","정답 5번. 국가 등에 귀속시키는 조건의 취득에 관한 비과세에서도 귀속의 반대급부로 국가 등의 부동산을 무상 양여받는 경우는 제외된다. 양여라는 명칭만으로 비과세가 되는 것은 아니다."
"31","부동산세법","RE06-02 취득세","중","취득세 표준세율에 관한 옳은 설명만 고른 것은? ㄱ: 매매에 의한 농지 취득 3% / ㄴ: 공유물 분할에 의한 취득 2.3% / ㄷ: 상속에 의한 농지 취득 2.8% / ㄹ: 매매에 의한 농지 외 토지 취득 4%. 조례·특례·감면 및 지분초과 취득은 제외한다.","","ㄱ·ㄴ","ㄱ·ㄷ·ㄹ","ㄴ·ㄷ","ㄱ·ㄴ·ㄹ","ㄱ·ㄴ·ㄷ·ㄹ","4","정답 4번. 매매 농지는 3%·공유물 분할은 2.3%·매매 농지 외 토지는 4%가 표준세율이다. 상속 농지는 2.3%이고 상속 농지 외 부동산의 2.8%와 구별한다."
"32","부동산세법","RE06-07 부동산 관련 기타 조세","하","거주자 갑은 해당 과세기간에 분리과세 주택임대소득만 있다. 소득세법상 확정신고에 관한 설명으로 옳은 것은? 성실신고확인 등 다른 특례는 없다.","","임대차 종료일부터 60일 이내에만 신고하면 된다.","주택임대소득은 사업소득에 포함되지 않아 신고가 없다.","다음 연도 5월 1일부터 5월 31일까지 법정 방식으로 신고해야 한다.","분리과세이므로 언제나 확정신고를 하지 않는다.","다음 연도 6월 1일부터 6월 30일까지 신고한다.","3","정답 3번. 분리과세 주택임대소득이 있는 경우에도 소득세법상 확정신고 규정이 적용된다. 일반적인 신고기간은 다음 연도 5월 1일부터 5월 31일까지이다."
"33","부동산세법","RE06-04 재산세","하","6월 1일 현재 토지가 갑 개인 명의로 등기되어 있지만 사실상 종중재산이다. 종중소유임을 신고하지 않았다. 다른 사정이 없을 때 재산세 납세의무자는?","","공부상 소유자 갑","토지를 관리하는 지방자치단체","종중의 대표자 개인","해당 종중","종중 구성원 전원","1","정답 1번. 개인 명의로 등재된 사실상의 종중재산에 대해 종중소유임을 신고하지 않으면 공부상 소유자를 재산세 납세의무자로 본다."
"34","부동산세법","RE06-04 재산세","중","갑의 재산세 납부세액은 1200만원이고 적법하게 물납을 신청하려 한다. 법령상 설명으로 옳은 것은?","","물납신청만 하면 허가 여부와 관계없이 납부가 완료된다.","해당 지방자치단체 관할구역 안의 부동산으로 물납 허가를 받을 수 있다.","납부세액이 1000만원 이상이면 전국의 부동산을 제한 없이 사용할 수 있다.","상장주식은 재산세의 물납재산으로 항상 허용된다.","물납 부동산은 물납 허가일 현재의 시가로 평가한다.","2","정답 2번. 재산세 납부세액이 1000만원을 초과하면 신청에 따라 관할구역 안의 부동산으로 물납을 허가할 수 있다. 재산의 평가는 재산세 과세기준일 현재의 시가를 기준으로 한다."
"35","부동산세법","RE06-04 재산세","중","2024년 재산세 신고의무에 관한 설명으로 옳은 것은?","","누락 재산은 최초 부과가 끝나면 재산세를 수시로 부과할 수 없다.","수탁자는 종합부동산세 고지일을 재산세 신고 기준일로 삼는다.","수탁자는 수탁자 명의로 등기된 신탁재산 사실을 과세기준일부터 15일 이내에 관할 지방자치단체에 신고해야 한다.","주택의 연간 재산세가 20만원 이하이면 반드시 9월에 한꺼번에 징수한다.","신탁재산은 신탁등기만 있으면 재산세 과세대상에서 모두 제외된다.","3","정답 3번. 수탁자는 신탁재산 사실을 과세기준일부터 15일 이내에 증거자료를 갖추어 신고해야 한다. 소액 주택분의 일괄 징수는 7월 납기를 기준으로 하는 제도이며 누락분은 수시 부과가 가능하다."
"36","부동산세법","RE06-06 양도소득세","상","갑은 2016년 토지를 2억4000만원에 취득하고 인정되는 자본적 지출 6000만원을 지출했다. 자녀 을이 2021년에 증여받은 당시 가액은 5억원이며 2024년에 8억원에 양도했다. 이월과세가 적용되고 공제할 법정 증여세 상당액은 2000만원이며 다른 필요경비는 없다. 장기보유특별공제 전 양도차익은?","","5억6000만원","4억8000만원","4억6000만원","3억원","5억원","2","정답 2번. 이월과세에서는 증여자의 취득가액과 인정되는 자본적 지출 등을 승계하고 법정 증여세 상당액을 필요경비에 산입한다. 8억−2.4억−0.6억−0.2억=4.8억원이다. 문제에서 이월과세 적용을 명시했으므로 적용 제외 여부를 추가로 가정하지 않는다."
"37","부동산세법","RE06-06 양도소득세","중","국내자산의 양도소득세 과세대상에 해당하는 권리만 고른 것은? ㄱ: 매매계약 후 계약금만 납부한 상태에서 양도하는 부동산 취득권리 / ㄴ: 지역권 / ㄷ: 조합원입주권. 비과세·감면은 고려하지 않는다.","","ㄱ·ㄴ·ㄷ","ㄴ만","ㄴ·ㄷ","ㄱ만","ㄱ·ㄷ","5","정답 5번. 부동산을 취득할 수 있는 권리와 조합원입주권은 양도소득세 과세대상이다. 지역권은 열거된 양도소득세 과세대상 권리에 해당하지 않으며 대가의 소득 분류는 별도로 판단한다."
"38","부동산세법","RE06-06 양도소득세","중","거주자가 같은 과세기간에 국내 토지를 양도하여 양도차손을 입고 전세권 양도에서 양도소득금액을 얻었다. 모두 과세대상이고 미등기자산이나 별도 제한은 없다. 옳은 것은?","","자산 종류가 다르면 같은 소득 구분이라도 통산할 수 없다.","토지의 양도차손을 전세권의 양도소득금액과 통산할 수 있다.","토지 차손은 언제나 다음 해 양도소득에서만 공제한다.","전세권 양도소득은 언제나 양도소득세 비과세이다.","토지 차손은 주식 양도소득에 먼저 통산해야 한다.","2","정답 2번. 토지·건물과 부동산에 관한 권리는 같은 양도소득 구분에 속하므로 동일 과세기간의 토지 양도차손을 전세권 양도소득금액과 통산할 수 있다. 세율이 다른 경우 법정 공제 순서를 따른다."
"39","부동산세법","RE06-06 양도소득세","상","국내에 계속 5년 이상 주소를 둔 거주자 갑이 2024년에 국내 토지에서 양도소득금액 3000만원·국외 토지에서 양도차손 1200만원을 얻었다. 국내 금액은 장기보유특별공제 후 금액이며 다른 양도나 특례는 없다. 국내 토지 양도소득과세표준은?","","2750만원","3000만원","1800만원","1550만원","2500만원","1","정답 1번. 국외자산 양도차손을 국내자산 양도소득과 통산하지 않는다. 국내 양도소득금액 3000만원에서 양도소득기본공제 250만원을 빼면 2750만원이다. 국외자산의 별도 계산과 구별한다."
"40","부동산세법","RE06-08 부동산 세금 종합계산 및 사례","상","이미지의 2024년 양도자료는 건물 3월 12일·양도차익 2000만원·보유 1년 8개월 / 토지A 5월 21일·양도차손 1800만원·보유 4년 3개월 / 토지B 6월 26일·양도차익 3000만원·보유 3년 5개월이다. 건물은 주택이 아니고 토지는 모두 사업용이며 전부 등기된 국내자산이다. 토지B 장기보유특별공제율 6%·감면 없음·다른 양도 없음·예정신고 없음이다. 확정신고할 건물과 토지B의 과세표준은?","images\questions\realtor\35회-2-2/q040.png","건물 2000만원·토지B 770만원","건물 0원·토지B 2770만원","건물 1750만원·토지B 1200만원","건물 1750만원·토지B 1020만원","건물 200만원·토지B 2570만원","4","정답 4번. 토지B의 양도소득금액은 3000×(1−6%)=2820만원이다. 토지A 차손 1800만원은 같은 기본세율인 토지B에 먼저 공제하여 1020만원이 남는다. 건물은 보유 1년 이상 2년 미만으로 40% 세율을 적용하므로 차손 우선 통산 대상이 다르다. 기본공제 250만원은 먼저 양도한 건물에 적용하여 2000−250=1750만원이다."
